"Status","Start Time","Stop Time","Duration in ms","Parent Suite","Suite","Sub Suite","Test Class","Test Method","Name","Description"
"passed","Mon Mar 20 15:58:08 GMT 2023","Mon Mar 20 15:58:11 GMT 2023","3052","tests","test_cases","TestCases","","","test_second",""
"passed","Mon Mar 20 15:59:48 GMT 2023","Mon Mar 20 15:59:49 GMT 2023","1059","tests","test_cases","TestCases","","","test_twenty_first",""
"passed","Mon Mar 20 15:58:26 GMT 2023","Mon Mar 20 15:58:27 GMT 2023","935","tests","test_cases","TestCases","","","test_eighth",""
"passed","Mon Mar 20 15:58:19 GMT 2023","Mon Mar 20 15:58:20 GMT 2023","892","tests","test_cases","TestCases","","","test_fifth",""
"passed","Mon Mar 20 15:58:21 GMT 2023","Mon Mar 20 15:58:22 GMT 2023","1088","tests","test_cases","TestCases","","","test_sixth",""
"passed","Mon Mar 20 15:58:28 GMT 2023","Mon Mar 20 15:58:30 GMT 2023","1647","tests","test_cases","TestCases","","","test_ninth",""
"passed","Mon Mar 20 16:00:00 GMT 2023","Mon Mar 20 16:00:07 GMT 2023","7453","tests","test_cases","TestCases","","","test_twenty_fourth",""
"passed","Mon Mar 20 15:59:09 GMT 2023","Mon Mar 20 15:59:10 GMT 2023","898","tests","test_cases","TestCases","","","test_eighteenth",""
"passed","Mon Mar 20 15:59:50 GMT 2023","Mon Mar 20 15:59:51 GMT 2023","746","tests","test_cases","TestCases","","","test_twenty_second",""
"passed","Mon Mar 20 15:59:01 GMT 2023","Mon Mar 20 15:59:05 GMT 2023","3705","tests","test_cases","TestCases","","","test_sixteenth",""
"passed","Mon Mar 20 15:58:41 GMT 2023","Mon Mar 20 15:58:42 GMT 2023","888","tests","test_cases","TestCases","","","test_thirteenth",""
"passed","Mon Mar 20 15:59:43 GMT 2023","Mon Mar 20 15:59:46 GMT 2023","2890","tests","test_cases","TestCases","","","test_twentieth",""
"passed","Mon Mar 20 15:58:52 GMT 2023","Mon Mar 20 15:58:59 GMT 2023","6859","tests","test_cases","TestCases","","","test_fifteenth",""
"passed","Mon Mar 20 15:58:31 GMT 2023","Mon Mar 20 15:58:34 GMT 2023","2648","tests","test_cases","TestCases","","","test_tenth",""
"passed","Mon Mar 20 15:59:06 GMT 2023","Mon Mar 20 15:59:07 GMT 2023","1270","tests","test_cases","TestCases","","","test_seventeenth",""
"passed","Mon Mar 20 16:00:09 GMT 2023","Mon Mar 20 16:00:11 GMT 2023","2667","tests","test_cases","TestCases","","","test_twenty_fifth",""
"passed","Mon Mar 20 15:58:24 GMT 2023","Mon Mar 20 15:58:25 GMT 2023","551","tests","test_cases","TestCases","","","test_seventh",""
"passed","Mon Mar 20 15:59:53 GMT 2023","Mon Mar 20 15:59:59 GMT 2023","6018","tests","test_cases","TestCases","","","test_twenty_third",""
"passed","Mon Mar 20 15:58:02 GMT 2023","Mon Mar 20 15:58:07 GMT 2023","4874","tests","test_cases","TestCases","","","test_first",""
"broken","Mon Mar 20 15:59:12 GMT 2023","Mon Mar 20 15:59:42 GMT 2023","30293","tests","test_cases","TestCases","","","test_nineteenth",""
"passed","Mon Mar 20 16:00:13 GMT 2023","Mon Mar 20 16:00:16 GMT 2023","2881","tests","test_cases","TestCases","","","test_twenty_sixth",""
"passed","Mon Mar 20 15:58:37 GMT 2023","Mon Mar 20 15:58:40 GMT 2023","2267","tests","test_cases","TestCases","","","test_twelfth",""
"passed","Mon Mar 20 15:58:16 GMT 2023","Mon Mar 20 15:58:17 GMT 2023","1603","tests","test_cases","TestCases","","","test_fourth",""
"passed","Mon Mar 20 15:58:44 GMT 2023","Mon Mar 20 15:58:51 GMT 2023","7106","tests","test_cases","TestCases","","","test_fourteenth",""
"passed","Mon Mar 20 15:58:13 GMT 2023","Mon Mar 20 15:58:14 GMT 2023","923","tests","test_cases","TestCases","","","test_third",""
"passed","Mon Mar 20 15:58:35 GMT 2023","Mon Mar 20 15:58:36 GMT 2023","524","tests","test_cases","TestCases","","","test_eleventh",""
